{"organisation":"AU_Govt_AEC","name":"aec_federal_election_polling_places_2019","title":"AEC - Federal Election - Polling Places (Point) 2019","legal":{"copyrightYear":"2019","attributionYear":"2019","attribution":"{datasource.organisationTitle}, ({dataset.attributionYear}): {dataset.title}; accessed from AURIN on {dateOfAccess}.","clickthrough":false,"licenceType":"Creative Commons Attribution 4.0 International (CC BY 4.0)","copyrightNotice":"&copy; {datasource.organisationTitle} {dataset.copyrightYear}"},"referenceSystemIdentifier":"urn:x-ogc:def:crs:EPSG:4283","geoLevel":"NA","key":"polling_place_id","keyRegex":null,"availability":"true","geomField":"the_geom","keyword":"politics,population","theme":null,"temporalExtent":{"beginDate":"2019-05-18T00:00:00","endDate":"2019-05-18T00:00:00","selectTime":false},"type":"dataset","_id":"dataset-AU_Govt_AEC-aec_federal_election_polling_places_2019-NA","bbox":[96.82,-43.74,159.11,-9.14],"abstract":"This dataset provides the location of polling places for the 2019 federal election.<br/><br/>\n\nFor more information please visit the <a href=\"https://results.aec.gov.au/24310/Website/HouseDefault-24310.htm\" target=\"_blank\">Australian Electoral Commission</a>.<br/><br/>\n\nPlease note:\n<ul>\n<li>AURIN has spatially enabled the <a href=\"https://results.aec.gov.au/24310/Website/Downloads/GeneralPollingPlacesDownload-24310.csv\" target=\"_blank\">original data</a>.\n</ul>\n","selectedAttributes":[{"name":"polling_place_id","type":"String","title":"Polling Place ID","description":"polling_place_id","isDimension":false},{"name":"polling_place_name","type":"String","title":"Polling Place Name","description":"polling_place_name","isDimension":false},{"name":"premises_suburb","type":"String","title":"Premises Suburb","description":"premises_suburb","isDimension":false},{"name":"premises_post_code","type":"String","title":"Premises Post Code","description":"premises_post_code","isDimension":false},{"name":"state","type":"String","title":"State","description":"state","isDimension":false},{"name":"the_geom","type":"Geometry","title":"Geometry","description":"the_geom","isDimension":false},{"name":"division_name","type":"String","title":"Division Name","description":"division_name","isDimension":false}],"filter":{"filterType":"tabular","spatial":{"bbox":[144.333634048,-38.502988016,145.878412014,-37.175098993]},"states":["2"]}}